"OWNER";"TABLE_NAME";"NUM_ROWS";"LAST_ANALYZED"
DM_RISK_AVATAR;BLACK_LIST;1750;2026-07-05 20:50:38.000
DM_RISK_AVATAR;BUILDINGS;22741017;2026-07-04 19:33:30.000
DM_RISK_AVATAR;BUILDING_TYPE;91094575;2026-06-16 19:20:11.000
DM_RISK_AVATAR;CONTACTS;290055169;2026-07-05 21:15:53.000
DM_RISK_AVATAR;CONTRACTS;131591076;2026-07-05 21:29:52.000
DM_RISK_AVATAR;CONTRACT_DOPS;9042834;2026-07-05 20:51:36.000
DM_RISK_AVATAR;CONTRACT_EXTERNAL;47640349;2025-03-30 23:14:00.000
DM_RISK_AVATAR;DAMAGES;68434514;2026-07-05 20:52:35.000
DM_RISK_AVATAR;DICT_DAMAGES_CODE_RAMR;61;2024-09-26 20:04:37.000
DM_RISK_AVATAR;DICT_INS_POTENTIAL_COST_FINISHING_INSURED;360;2025-11-27 18:01:02.000
DM_RISK_AVATAR;DICT_INS_POTENTIAL_COST_FINISHING_NEIGHBORS;360;2025-11-27 18:01:02.000
DM_RISK_AVATAR;DICT_INS_POTENTIAL_HOUSE_CLASS;127;2025-12-17 20:05:21.000
DM_RISK_AVATAR;DICT_INS_POTENTIAL_INSURANCE_SUM_COEF;24;2025-11-27 18:01:02.000
DM_RISK_AVATAR;DICT_INS_POTENTIAL_OBJECT_ADDRESS_EXTRA;26;2025-12-30 19:40:09.000
DM_RISK_AVATAR;DICT_INS_POTENTIAL_PRIORITY_RISKS;26;2026-07-05 16:07:34.000
DM_RISK_AVATAR;DICT_INS_POTENTIAL_RENOVATION_CLASS;4;2025-11-27 18:01:02.000
DM_RISK_AVATAR;DICT_INS_POTENTIAL_RISK_PACK_ADD_FLAG;55;2026-07-05 16:07:34.000
DM_RISK_AVATAR;DICT_INS_POTENTIAL_RISK_PACK_ADD_FLAG_CONTRACT;13;2025-12-17 21:30:38.000
DM_RISK_AVATAR;DICT_INS_POTENTIAL_SQUARE_DAMAGE_NEIGHBORS;48;2025-11-27 18:01:02.000
DM_RISK_AVATAR;DICT_MAP_BEARING_WALLS;1194;2025-03-10 19:00:50.000
DM_RISK_AVATAR;DICT_MAP_FLOOR;1792;2025-03-11 20:48:22.000
DM_RISK_AVATAR;DICT_MAP_GAS_SUPPLY;9;2025-03-10 19:00:50.000
DM_RISK_AVATAR;DICT_MAP_OVERLAPPING;602;2025-03-10 19:00:50.000
DM_RISK_AVATAR;DICT_MAP_UNDER_FLOOR;527;2025-03-11 20:48:22.000
DM_RISK_AVATAR;DICT_MAP_WALLS;29;2025-03-10 19:00:50.000
DM_RISK_AVATAR;DICT_MARK_MODEL_MODIF_AUTO;173618;2026-07-06 09:17:22.000
DM_RISK_AVATAR;DICT_PRODUCTS;1625;2026-07-06 09:17:03.000
DM_RISK_AVATAR;DOCUMENTS;62686726;2026-07-05 20:53:36.000
DM_RISK_AVATAR;EGRN_BOUNDS;27527157;2026-06-16 19:12:14.000
DM_RISK_AVATAR;EGRN_CAD_OBJECT_PROCESSED;110816545;2026-06-20 20:16:40.000
DM_RISK_AVATAR;EGRN_DATA;110816545;2026-06-20 20:11:33.000
DM_RISK_AVATAR;EGRN_HASH;110816545;2026-06-16 19:49:38.000
DM_RISK_AVATAR;EGRN_PREVIOUS_NUMBER;276074;2026-06-16 19:09:22.000
DM_RISK_AVATAR;EGRN_RIGHTS;141054960;2026-06-16 19:21:35.000
DM_RISK_AVATAR;EGRN_RN;110816545;2026-06-20 20:10:34.000
DM_RISK_AVATAR;EGRN_SPECIAL_MARKS;28317197;2026-06-16 19:21:22.000
DM_RISK_AVATAR;ESTATE_OBJECTS;110816545;2026-07-05 21:34:04.000
DM_RISK_AVATAR;INS_POTENTIAL_APARTMENTS;49161157;2026-07-05 21:18:58.000
DM_RISK_AVATAR;INS_POTENTIAL_PRESENT_COVERAGE;3723672;2026-07-05 20:51:32.000
DM_RISK_AVATAR;INTERESTS;49825628;2026-06-20 20:07:23.000
DM_RISK_AVATAR;LEGAL_CLIENTS;3627204;2026-07-05 20:50:51.000
DM_RISK_AVATAR;LNK_CLIENT_CONTRACT;143332789;2026-07-05 20:55:31.000
DM_RISK_AVATAR;LNK_CLIENT_OBJECT_CONTRACT;120573018;2026-07-05 20:56:34.000
DM_RISK_AVATAR;LOSSES;1744299;2026-07-05 20:51:10.000
DM_RISK_AVATAR;LOSSES_EVENT;9320992;2026-07-05 20:51:24.000
DM_RISK_AVATAR;LOSSES_OBJECT_PAY;5295649;2026-07-05 20:51:00.000
DM_RISK_AVATAR;LOSSES_TASK;4293650;2026-07-05 20:51:00.000
DM_RISK_AVATAR;MFB_IZD_AGR;22741407;2026-06-20 20:07:26.000
DM_RISK_AVATAR;MZKH;933021;2026-06-16 19:10:02.000
DM_RISK_AVATAR;PHYSICAL_CLIENTS;83161216;2026-07-05 20:55:54.000
DM_RISK_AVATAR;PROPERTY_DEPENDENTS;18649524;2026-06-20 20:07:22.000
DM_RISK_AVATAR;QUOTATIONS;195890243;2026-07-05 21:14:52.000
DM_RISK_AVATAR;STG_ADDRESS_CDI_ZUD;50896610;2026-07-05 18:53:19.000
DM_RISK_AVATAR;STG_ADDRESS_ZUD;30907049;2026-07-06 09:34:31.000
DM_RISK_AVATAR;STG_ADDRESS_ZUD_HASH;30702950;2026-07-06 13:28:28.000
DM_RISK_AVATAR;STG_BLACK_LIST;1750;2026-07-06 13:02:50.000
DM_RISK_AVATAR;STG_BUILDINGS;0;2026-06-16 19:08:28.000
DM_RISK_AVATAR;STG_BUILDING_TYPE;0;2026-06-16 19:08:27.000
DM_RISK_AVATAR;STG_CLIENT_ADDRESS_CDI;42356415;2026-07-06 12:41:51.000
DM_RISK_AVATAR;STG_CLIENT_CONTRACT;140692538;2026-07-06 12:15:08.000
DM_RISK_AVATAR;STG_CLIENT_TAGS;924631600;2025-09-13 16:40:26.000
DM_RISK_AVATAR;STG_CONTACTS;290146600;2026-07-06 14:00:11.000
DM_RISK_AVATAR;STG_CONTRACTS;0;2026-07-05 20:50:36.000
DM_RISK_AVATAR;STG_CONTRACT_DOPS;0;2026-07-05 20:50:37.000
DM_RISK_AVATAR;STG_CONTRACT_EXTERNAL;0;2026-07-05 21:46:20.000
DM_RISK_AVATAR;STG_CONTRACT_OBJRISK;369029216;2026-07-05 19:09:47.000
DM_RISK_AVATAR;STG_DAMAGES;68499100;2026-07-06 10:06:36.000
DM_RISK_AVATAR;STG_DOCUMENTS;62679800;2026-07-06 13:43:23.000
DM_RISK_AVATAR;STG_EGRN_BOUNDS;0;2026-06-16 19:08:27.000
DM_RISK_AVATAR;STG_EGRN_CAD_OBJECT_PROCESSED;0;2026-06-16 19:08:28.000
DM_RISK_AVATAR;STG_EGRN_DATA;0;2026-06-16 19:08:28.000
DM_RISK_AVATAR;STG_EGRN_HASH;0;2026-06-16 19:08:28.000
DM_RISK_AVATAR;STG_EGRN_PREVIOUS_NUMBER;0;2026-06-16 19:08:28.000
DM_RISK_AVATAR;STG_EGRN_RIGHTS;0;2026-06-16 19:08:28.000
DM_RISK_AVATAR;STG_EGRN_RN;0;2026-06-16 19:08:28.000
DM_RISK_AVATAR;STG_EGRN_SPECIAL_MARKS;0;2026-06-16 19:08:28.000
DM_RISK_AVATAR;STG_ESTATE_OBJECTS;0;2026-07-05 20:50:37.000
DM_RISK_AVATAR;STG_INS_POTENTIAL_APARTMENTS;0;2026-07-05 20:50:37.000
DM_RISK_AVATAR;STG_INS_POTENTIAL_PRESENT_COVERAGE;0;2026-07-05 20:50:37.000
DM_RISK_AVATAR;STG_INTERESTS;0;2025-09-03 19:09:35.000
DM_RISK_AVATAR;STG_LEGAL_CLIENTS;3658700;2026-07-06 13:03:58.000
DM_RISK_AVATAR;STG_LNK_CLIENT_CONTRACT;0;2026-07-05 20:50:36.000
DM_RISK_AVATAR;STG_LNK_CLIENT_OBJECT_CONTRACT;0;2026-07-05 20:50:36.000
DM_RISK_AVATAR;STG_LOSSES;0;2026-07-05 18:38:24.000
DM_RISK_AVATAR;STG_LOSSES_EVENT;0;2026-07-05 20:50:37.000
DM_RISK_AVATAR;STG_LOSSES_OBJECT_PAY;0;2026-07-05 20:50:37.000
DM_RISK_AVATAR;STG_LOSSES_TASK;0;2026-07-05 20:50:37.000
DM_RISK_AVATAR;STG_MFB_IZD_AGR;0;2026-06-16 19:08:28.000
DM_RISK_AVATAR;STG_MZKH;0;2026-06-16 19:08:28.000
DM_RISK_AVATAR;STG_OSAGO_FIO_FULL;34724000;2026-07-06 09:26:22.000
DM_RISK_AVATAR;STG_PARTY_SRC;231540393;2026-07-06 11:08:15.000
DM_RISK_AVATAR;STG_PHYSICAL_CLIENTS;0;2026-07-05 20:50:37.000
DM_RISK_AVATAR;STG_PROPERTY_DEPENDENTS;0;2025-09-03 19:09:35.000
DM_RISK_AVATAR;STG_QUOTATIONS;195941500;2026-07-06 13:33:27.000
DM_RISK_AVATAR;STG_QUOTATIONS_PRECALC;335817483;2026-07-06 10:22:20.000
DM_RISK_AVATAR;STG_QUOTATION_CLIENTS;327670144;2026-07-06 12:50:40.000
DM_RISK_AVATAR;STG_SFERA_LOSSES;1747814;2026-07-06 09:25:23.000
DM_RISK_AVATAR;STG_SPRAVOCHNIK_ZUD_OBJADDRESS;11792098;2026-07-06 09:27:49.000
DM_RISK_AVATAR;STG_TRANSPORT;0;2026-07-05 20:50:36.000
DM_RISK_AVATAR;STG_TRANSPORT_SFERA_ZUD;3119614;2026-07-05 18:38:11.000
DM_RISK_AVATAR;TRANSPORT;22048247;2026-07-05 20:51:43.000
